EmployeeID,Department,SatisfactionRating,Comment
EMP001,IT,3,"I appreciate the opportunities I've had to work on challenging projects in the IT department, as they have significantly contributed to my professional growth. However, I find that our team could benefit from more streamlined communication processes. There are often delays in decision-making, which can hinder our ability to meet project deadlines efficiently. Additionally, while I value the collaborative spirit within our team, clearer guidelines on role expectations would help avoid overlaps and improve productivity. I am hopeful that with some adjustments, such as more frequent team meetings and defined objectives, we can enhance our workflow. Overall, I am moderately satisfied and look forward to seeing improvements in these areas."
EMP002,Marketing,1,"I am deeply dissatisfied with my current work situation in the Marketing department. There seems to be a significant lack of communication and support from management, which has made it challenging to perform my duties effectively. The workload is overwhelming, and there is little to no recognition or appreciation for the hard work that is put in. Furthermore, the tools and resources provided are outdated, making it difficult to keep up with the industry's fast pace. These issues have significantly impacted my motivation and job satisfaction, and I feel there is no clear path for career advancement. I believe that open communication, better resource allocation, and a more supportive environment could greatly improve the situation. Without these changes, it is hard to see a future here that is both productive and fulfilling."
EMP003,Marketing,2,"I have been with the marketing department for over two years, and I feel increasingly dissatisfied with my current work environment. The workload has grown significantly, with little to no adjustment in resources or team support to manage the additional responsibilities. Despite raising concerns about the lack of balance and the need for more structured guidance, there seems to be no action taken to address these issues. This has led to frequent overtime, which affects my work-life balance. Additionally, the communication within the department is often unclear, leading to confusion and duplicated efforts. I believe that better planning and more open dialogue could improve the overall productivity and morale of the team. I am hopeful that management will take these concerns seriously and implement necessary changes to create a more supportive and efficient working environment."
EMP004,Marketing,4,"I've had a positive experience working in the Marketing department so far. The team environment is collaborative and supportive, which makes tackling challenging projects much more manageable and enjoyable. I appreciate the opportunities for creative input and the autonomy we're given to explore innovative strategies. The leadership is responsive and open to feedback, which helps foster a transparent and motivating workplace. However, I believe there's room for improvement in terms of communication flow, especially when managing inter-departmental projects. Enhancing this could streamline our processes and further boost efficiency. Overall, I'm satisfied with my role and look forward to contributing to our team's continued success."
EMP005,Sales,3,"EMP005 has expressed a moderate level of satisfaction with their current role within the Sales department. While they appreciate the dynamic nature of the job and the opportunities for growth, there are areas that could be improved to enhance their overall experience. Communication within the team could be more transparent, particularly regarding changes in sales strategies and targets. Additionally, EMP005 feels that the workload can sometimes be overwhelming, impacting their ability to maintain a healthy work-life balance. They would appreciate more support from management in prioritizing tasks and possibly redistributing responsibilities during peak periods. Overall, while EMP005 is committed to contributing to the team's success, addressing these concerns could significantly boost their satisfaction and productivity."
EMP006,Legal,4,"Working in the Legal department has been a largely positive experience for me, as reflected in my satisfaction rating. I appreciate the collaborative environment and the opportunities for professional growth. The team is supportive, and I feel that my contributions are valued. Our leadership is approachable and open to feedback, which fosters a healthy working atmosphere. 

However, there are a few areas where I see room for improvement. Occasionally, the workload can be overwhelming, leading to long hours and a challenging work-life balance. It would be beneficial to have more resources or perhaps additional staff to help distribute the workload more evenly. 

Overall, I am pleased with my role and the direction in which our department is heading. With some adjustments, I believe it can become even more effective and satisfying for all team members."
EMP007,Customer Support,4,"I've had a very positive experience working in the Customer Support department. The team dynamic is supportive, and there's a real emphasis on collaboration, which makes tackling challenges much more manageable. I appreciate the regular training sessions that keep us updated on best practices and new tools, as they have definitely enhanced my ability to assist customers effectively. The management is approachable and values our feedback, which fosters a sense of inclusion and respect. While there is always room for growth, such as streamlining some of the internal processes to increase efficiency, I feel that my contributions are recognized, and the work environment is generally motivating. Overall, I'm satisfied with my role and look forward to continuing to grow with the company."
EMP008,Sales,4,"I am generally satisfied with my experience in the Sales department. The team is supportive and the collaborative environment truly helps in achieving our targets. I appreciate the regular training sessions and workshops provided, which have significantly improved my skills and confidence. Communication within the team is open, and I feel comfortable sharing ideas and feedback. However, I believe there could be more flexibility in our work schedules to better manage work-life balance. Additionally, while the commission structure is fair, it could be more competitive to reflect the efforts put in by the team. Overall, I enjoy working here and feel motivated by the dynamic and goal-oriented atmosphere."
EMP009,HR,2,"I have been part of the HR department for over a year, and lately, I've become increasingly dissatisfied with my work environment. The lack of clear communication from management often leaves us feeling out of the loop on important updates and decisions. Additionally, there have been multiple instances of inconsistent policy enforcement, which not only confuses the team but also impacts our ability to support other departments effectively. Moreover, the current workload is overwhelming, and there seems to be little effort to address resource shortages or offer support during peak times. I believe there needs to be a more structured approach to addressing these issues and promoting a healthier, more collaborative workplace culture. Without improvements in these areas, it becomes challenging to remain motivated and committed to our goals as a department."
EMP010,Marketing,2,"I have been with the Marketing department for a while now, and I am increasingly feeling dissatisfied with the current work environment and processes. One of the main issues is the lack of clear communication and support from management. It often feels like our team is left in the dark regarding important decisions that directly affect our projects. Additionally, there is a noticeable lack of professional development opportunities, which makes it difficult for me to see a path for growth in my career. The workload has also become overwhelming, with expectations that are often unrealistic and not aligned with the resources available to us. This situation has been affecting my motivation and overall job satisfaction. I believe addressing these issues could significantly improve the work culture and help retain talented team members."
EMP011,Engineering,5,"Working in the Engineering department has been an incredibly rewarding experience for me. From day one, I felt welcomed and supported by both my team and management. The collaborative environment encourages innovation and creativity, and I'm constantly inspired by the talent and dedication of my colleagues. The projects I am involved in are challenging and engaging, and they provide ample opportunities for me to grow professionally. 

I appreciate the open communication culture that allows us to voice our ideas and concerns freely, and the efforts made by leadership to ensure we have all the resources we need to succeed. Additionally, the company's commitment to work-life balance and professional development has greatly contributed to my overall job satisfaction. I am proud to be a part of this team and excited about the future projects and possibilities within our department."
EMP012,Product,5,"Working in the Product department has been an incredibly rewarding experience for me. I feel truly valued and supported by my team and management. The collaborative environment fosters creativity and innovation, allowing us to push boundaries and deliver exceptional products. I appreciate the open communication and transparency within the department, which ensures that everyone is aligned and working towards common goals. The opportunities for professional growth and development have been plentiful, and I feel encouraged to pursue new challenges. The leadership is genuinely invested in our success, providing the resources and guidance needed to excel. Overall, I am extremely satisfied with my role and the positive, dynamic work culture that the Product department upholds."
EMP013,Customer Support,4,"I am generally satisfied with my experience in the Customer Support department. The team is supportive and always willing to lend a hand when needed, which makes handling challenging customer interactions much more manageable. The training provided has been beneficial in equipping me with the necessary skills to excel in my role. 

One area for improvement could be the communication between different shifts to ensure continuity of service. Sometimes, it feels like important updates or changes are not fully conveyed, which can lead to confusion. If we could streamline this process, I believe it would enhance our overall efficiency and service quality. 

Overall, I appreciate the positive work environment and the opportunities for growth that have been presented to me. I look forward to continuing to contribute to the team and hope to see some improvements in communication soon."
EMP014,Product,1,"I am deeply dissatisfied with my current experience in the Product department. There is a significant lack of communication and support from management, which has left me feeling disconnected and undervalued. Despite raising concerns about unrealistic deadlines and overwhelming workloads, there has been no effort to address these issues or offer any support. Additionally, the lack of clear direction and frequent changes in priorities make it challenging to produce quality work. It feels as though employee well-being is not a priority, and there is little opportunity for professional growth or development. This environment has led to a high level of stress and burnout, making it difficult to stay motivated. I hope that leadership will take these concerns seriously and work towards creating a more supportive and structured environment for everyone in the department."
EMP015,Product,5,"Working in the Product department has been an incredibly rewarding experience. I'm thrilled with the collaborative and innovative environment here. The leadership is supportive, encouraging us to take initiative and explore creative solutions, which has significantly contributed to my professional growth. I appreciate the clear communication of goals and expectations, which keeps our team aligned and motivated. Additionally, the opportunities for continuous learning through workshops and training sessions are exceptional, and they show the company's commitment to our development. The team culture is inclusive and supportive, making it a pleasure to come to work every day. I feel valued and heard, and it’s gratifying to see that our efforts are recognized and celebrated. I am excited about the future projects and the potential for further growth within the company. Overall, I couldn’t be happier with my role and the direction we’re heading as a team."
EMP016,Marketing,1,"Over the past few months, I've been facing several challenges that have significantly impacted my satisfaction at work. The workload in the Marketing department has been overwhelming, and there seems to be a lack of clear communication and support from management. Despite raising these concerns, there has been little to no response or action taken to address them. Additionally, there is a noticeable lack of opportunities for professional growth and development within the team, which is discouraging. The current work environment feels stressful and undervalued, making it difficult to maintain motivation and enthusiasm. I believe that with better leadership, clearer communication, and more support for professional growth, the overall atmosphere and productivity could improve. I hope these issues can be addressed soon to create a more positive and supportive work environment for everyone."
EMP017,Finance,1,"I am extremely dissatisfied with my current role in the Finance department. The workload is overwhelming, and there's a severe lack of support from management when it comes to balancing tasks. Despite raising concerns multiple times, there seems to be no real effort to address these issues or provide adequate resources. Furthermore, the communication within the team is poor; information is often unclear or incomplete, which leads to unnecessary stress and mistakes. It feels like there's no room for professional growth or constructive feedback, and this has severely impacted my motivation and job satisfaction. I believe a more structured approach to workload management and better communication could significantly improve the situation, but as of now, I am deeply frustrated and considering my future with the company."
EMP018,Sales,3,"Overall, my experience in the Sales department has been moderately satisfying. While I appreciate the opportunities for professional growth and the supportive team environment, there are areas that could use improvement. Communication between departments sometimes feels disjointed, which can lead to confusion and inefficiencies in our sales processes. Additionally, I feel that there could be more transparency regarding career advancement opportunities and clearer criteria for promotions. On the positive side, I value the camaraderie within our team and the encouragement from my direct manager, who is always willing to provide guidance and feedback. However, addressing these areas of concern could significantly enhance my job satisfaction and help us achieve our sales targets more effectively."
EMP019,IT,4,"I've been working in the IT department for several years now, and overall, I am quite satisfied with my experience here. The team is supportive, and the management is approachable, which creates a positive work environment. I appreciate the opportunities for professional growth and the encouragement to upskill through various training sessions. The projects are challenging yet rewarding, allowing me to apply my skills effectively and learn continuously.

However, there are a few areas where I believe improvements could be made. Occasionally, the workload can become overwhelming, leading to tight deadlines that add unnecessary stress. It would be beneficial if the department could consider hiring additional staff to help distribute the workload more evenly.

Despite this, I genuinely enjoy my role and the contributions I'm able to make to the team and the company. I look forward to continuing to grow here and hope to see some adjustments that can make the work-life balance even better for everyone involved."
EMP020,Finance,2,"I have been with the Finance department for almost two years, and unfortunately, my experience has been less than satisfactory. The workload is often overwhelming and unmanageable, which has led to increased stress and a noticeable impact on my work-life balance. Despite raising concerns about the need for additional support and resources, there's been little to no change in the situation. Additionally, there seems to be a lack of clear communication from management, which makes it difficult to prioritize tasks effectively. Opportunities for professional growth and advancement in this department also appear limited, which is discouraging. I believe that with better support from leadership and more transparent communication, the overall work environment could improve significantly."
EMP021,Operations,5,"I have been part of the Operations department for over three years now, and I must say, my experience has been incredibly rewarding. Our team is supportive, and there's a strong culture of collaboration and mutual respect. Management consistently recognizes our efforts, which is very motivating. The training sessions and workshops provided are relevant and have significantly contributed to my professional growth. 

The open-door policy here truly makes me feel heard and valued, as my feedback is often met with actionable responses. Our department's focus on innovation keeps work exciting and dynamic, allowing us to tackle challenges creatively. Moreover, the work-life balance is well-managed, which helps maintain my overall job satisfaction. 

I appreciate the opportunities for advancement and the encouragement to take on new responsibilities. This environment has enabled me to refine my skills and take pride in my contributions. Overall, I am very satisfied with my role and am excited about continuing to grow within the company."
EMP022,Customer Support,3,"My overall experience in the Customer Support department has been average. While there are aspects of my role that I find fulfilling, there are also several areas that could use improvement. I appreciate the supportive nature of my team and the collaborative environment we've fostered. However, I feel that clearer communication from management regarding expectations and changes would greatly enhance our workflow and reduce any unnecessary stress. Additionally, opportunities for professional growth seem limited; more training sessions or workshops could aid in developing our skills further. Although the work-life balance is decent, occasional spikes in workload without adequate staffing can be challenging. With some enhancements to communication and development opportunities, I believe the department could see significant improvements in employee satisfaction and efficiency."
EMP023,Legal,5,"Working in the Legal department has been a truly rewarding experience. The team has fostered a supportive and collaborative environment, allowing us to tackle complex challenges effectively. Leadership encourages open dialogue, which has been crucial for sharing ideas and innovations. I appreciate the continuous professional development opportunities that have been made available to us, which have significantly enhanced my skills and confidence in my role. The balance between autonomy and guidance is perfectly maintained, making it easier to navigate through demanding tasks. Furthermore, the recognition and appreciation for our work from both peers and management have been incredibly motivating. Overall, I am extremely satisfied with my experience here and look forward to contributing further to our department's success."
EMP024,Customer Support,1,"I am extremely dissatisfied with my current role in the Customer Support department. The workload has become unmanageable, and there seems to be little to no support from management to address these issues. We are constantly understaffed, leading to increased stress and a compromise in the quality of service we can provide to our customers. Additionally, there is a lack of communication and transparency from leadership, which leaves us feeling undervalued and ignored. Training opportunities are minimal, and there is little room for professional growth. The current environment is not conducive to a healthy work-life balance, and it is affecting my overall well-being. I hope these concerns are taken seriously and addressed promptly to improve the morale and effectiveness of our team."
EMP025,Legal,4,"I am generally satisfied with my role in the Legal department and have found the work to be both challenging and rewarding. The team atmosphere is supportive, and I appreciate the collaborative efforts we make to meet our goals. Having clear communication channels and access to resources has significantly contributed to my productivity and job satisfaction. 

There are occasional busy periods that can be quite demanding, but the management has been understanding and responsive to our feedback, which makes a big difference. I believe there is always room for improvement, especially in terms of streamlining certain processes to enhance efficiency, but overall, I feel valued and engaged in my position. 

Continuous professional development opportunities are also a big plus, and I appreciate the encouragement we receive to attend relevant seminars and workshops. Looking forward, I am optimistic about my growth within the company and hope to see more initiatives that support work-life balance."
EMP026,Operations,4,"I've been part of the Operations team for over two years now, and overall, my experience has been quite positive. I appreciate the collaborative environment and the support I receive from both my colleagues and management. The team is driven and dedicated, which makes it a fulfilling place to work. However, I believe there's room for improvement in terms of workload distribution. At times, it can feel a bit overwhelming, particularly during peak periods, and I think a more balanced approach could enhance efficiency and reduce stress. Additionally, while I am generally satisfied with the resources provided for professional development, I would appreciate more opportunities for training that align with our evolving industry standards. Overall, I am happy with my role and the growth opportunities available, and I look forward to contributing to our team's success."
EMP027,Marketing,2,"Over the past year, my experience in the Marketing department has been increasingly challenging, and unfortunately, my satisfaction has declined significantly. The workload has become overwhelming, with tight deadlines and insufficient resources to meet our objectives effectively. I feel that there is a lack of clear communication and support from management, which adds to my frustration. Additionally, despite consistently putting in extra hours and effort, opportunities for professional growth and recognition seem limited. This has led to a sense of stagnation and dissatisfaction with my current role. I believe that with better strategic planning, more transparent communication, and a stronger focus on employee development, our team could thrive. I am hopeful that these concerns can be addressed, as I am eager to contribute positively and see improvements in our department's work environment."
EMP028,IT,5,"I am extremely satisfied with my experience in the IT department at our company. The team here is exceptionally supportive and collaborative, making it an inspiring environment to work in every day. I appreciate the emphasis on professional development and the variety of projects I get to be involved in, which continually challenges me and helps me grow my skills. The leadership is approachable and always open to feedback, which fosters a culture of continuous improvement and innovation. Additionally, the resources available to us, both in terms of technology and training, are top-notch and enable us to perform our roles efficiently. I feel valued and recognized for my contributions, which is highly motivating. Overall, I am very proud to be part of this team and look forward to contributing to our continued success."
EMP029,Marketing,1,"I have been with the company for over a year now, and unfortunately, my experience has been less than satisfactory. The main issue I face is the lack of effective communication and support from management. It feels like my concerns and ideas are not being heard or valued, which is incredibly demotivating. Additionally, the workload is overwhelming, and there seems to be no clear direction or strategy in our department, leading to confusion and inefficiencies. The lack of recognition for hard work further adds to the dissatisfaction, as it feels like efforts are going unnoticed. Moreover, opportunities for professional growth and development are extremely limited, making it difficult to see a future here. I believe there is potential for improvement, but significant changes need to be made to address these issues."
EMP030,Finance,2,"I am finding it increasingly challenging to maintain a positive outlook at work due to several ongoing issues within the Finance department. The workload has been overwhelming, with tight deadlines and insufficient resources to manage the tasks effectively. This has led to considerable stress and has impacted my work-life balance significantly. Additionally, there seems to be a lack of clear communication from management regarding departmental goals and expectations, which often leaves me feeling uncertain about my role and contributions. Opportunities for professional development and growth appear limited, and feedback on performance is rarely constructive or timely. I believe addressing these concerns could lead to a more supportive and productive work environment."
